<?xml version="1.0" encoding="UTF-8"?>
<Configuration status="WARN">
    <Appenders>
        <Console name="Console" target="SYSTEM_OUT">
            <PatternLayout charset="GBK" pattern="%d{yyyy-MM-dd HH:mm:ss.SSSZ} %X{hostname} [%-5p] (%t) %c %m%n"/>
        </Console>
        <RollingFile name="RollingFile" fileName="logs/demo.log" filePattern="logs/demo-%d{MM-dd-yyyy}-%i.log">
            <PatternLayout pattern="%d{yyyy-MM-dd HH:mm:ss.SSSZ} %X{hostname} [%-5p] (%t) %c %m%n"/>
            <Policies>
                <TimeBasedTriggeringPolicy/>
                <SizeBasedTriggeringPolicy size="10MB"/>
            </Policies>
            <DefaultRolloverStrategy fileIndex="max" max="10">
                <Delete basePath="logs/" maxDepth="1">
                    <IfFileName glob="*.log"/>
                    <IfLastModified age="10d"/>
                </Delete>
            </DefaultRolloverStrategy>
        </RollingFile>
    </Appenders>
    <Loggers>
        <Root level="INFO">
            <AppenderRef ref="Console"/>
            <AppenderRef ref="RollingFile"/>
        </Root>

        <logger name="org.springframework" level="info"/>
        <logger name="org.apache.http" level="info"/>
    </Loggers>
</Configuration>