{"DeviceID":"4d3a27c13dc21ae056044b818a03dwen002","Mileage":"55378500","DataTime":"2017-10-23 12:19:35.000","Latitude":"34.585639","IsACCOpen":"true","Longitude":"119.193524","Velocity":0,"Direction":"null","Carnum":"陕WL12**","BaiDuLatitude":"34.607069","BaiDuLongitude":"119.190093","BaiDuAdress":"江苏省连云港市新浦区通灌北路78号","ReceiveTime":"2017-10-23 12:19:34.846","Altitude":"null"}
{"DeviceID":"4d3a27c13dc21ae056044b818a03dwen002","Mileage":"55378500","DataTime":"2017-10-23 12:19:45.000","Latitude":"34.586008","IsACCOpen":"true","Longitude":"119.192744","Velocity":89,"Direction":"null","Carnum":"陕WL12**","BaiDuLatitude":"34.605286","BaiDuLongitude":"119.190668","BaiDuAdress":"江苏省连云港市新浦区通灌北路23号","ReceiveTime":"2017-10-23 12:19:44.633","Altitude":"null"}
{"DeviceID":"4d3a27c13dc21ae056044b818a03dwen002","Mileage":"55378500","DataTime":"2017-10-23 12:19:55.000","Latitude":"34.586023","IsACCOpen":"true","Longitude":"119.192733","Velocity":31,"Direction":"null","Carnum":"陕WL12**","BaiDuLatitude":"34.603207","BaiDuLongitude":"119.191279","BaiDuAdress":"江苏省连云港市新浦区海连中路3-1号","ReceiveTime":"2017-10-23 12:19:54.332","Altitude":"null"}
{"DeviceID":"4d3a27c13dc21ae056044b818a03dwen002","Mileage":"55378500","DataTime":"2017-10-23 12:20:05.000","Latitude":"34.586023","IsACCOpen":"true","Longitude":"119.192733","Velocity":0,"Direction":"null","Carnum":"陕WL12**","BaiDuLatitude":"34.602464","BaiDuLongitude":"119.191639","BaiDuAdress":"江苏省连云港市新浦区通灌北路1-8号","ReceiveTime":"2017-10-23 12:20:04.445","Altitude":"null"}
{"DeviceID":"4d3a27c13dc21ae056044b818a03dwen002","Mileage":"55378600","DataTime":"2017-10-23 12:20:55.000","Latitude":"34.586334","IsACCOpen":"true","Longitude":"119.192159","Velocity":46,"Direction":"null","Carnum":"陕WL12**","BaiDuLatitude":"34.601513","BaiDuLongitude":"119.191998","BaiDuAdress":"江苏省连云港市新浦区通灌南路9号","ReceiveTime":"2017-10-23 12:20:54.586","Altitude":"null"}
{"DeviceID":"4d3a27c13dc21ae056044b818a03dwen002","Mileage":"55378700","DataTime":"2017-10-23 12:21:05.000","Latitude":"34.586836","IsACCOpen":"true","Longitude":"119.191404","Velocity":80,"Direction":"null","Carnum":"陕WL12**","BaiDuLatitude":"34.602152","BaiDuLongitude":"119.193489","BaiDuAdress":"江苏省连云港市新浦区龙西南路3号","ReceiveTime":"2017-10-23 12:21:05.231","Altitude":"null"}
{"DeviceID":"4d3a27c13dc21ae056044b818a03dwen002","Mileage":"55378700","DataTime":"2017-10-23 12:21:15.000","Latitude":"34.587194","IsACCOpen":"true","Longitude":"119.190989","Velocity":67,"Direction":"null","Carnum":"陕WL12**","BaiDuLatitude":"34.602761","BaiDuLongitude":"119.194872","BaiDuAdress":"江苏省连云港市新浦区瀛洲路1-1","ReceiveTime":"2017-10-23 12:21:14.733","Altitude":"null"}
{"DeviceID":"4d3a27c13dc21ae056044b818a03dwen002","Mileage":"55378700","DataTime":"2017-10-23 12:21:25.000","Latitude":"34.587191","IsACCOpen":"true","Longitude":"119.190994","Velocity":0,"Direction":"null","Carnum":"陕WL12**","BaiDuLatitude":"34.6023","BaiDuLongitude":"119.19516","BaiDuAdress":"江苏省连云港市新浦区龙西南路5号","ReceiveTime":"2017-10-23 12:21:24.554","Altitude":"null"}
{"DeviceID":"4d3a27c13dc21ae056044b818a03dwen002","Mileage":"55378700","DataTime":"2017-10-23 12:22:25.000","Latitude":"34.587286","IsACCOpen":"true","Longitude":"119.190901","Velocity":10,"Direction":"null","Carnum":"陕WL12**","BaiDuLatitude":"34.601899","BaiDuLongitude":"119.195537","BaiDuAdress":"江苏省连云港市新浦区瀛洲路8号","ReceiveTime":"2017-10-23 12:22:24.507","Altitude":"null"}
{"DeviceID":"4d3a27c13dc21ae056044b818a03dwen002","Mileage":"55378800","DataTime":"2017-10-23 12:22:35.000","Latitude":"34.587913","IsACCOpen":"true","Longitude":"119.190339","Velocity":66,"Direction":"null","Carnum":"陕WL12**","BaiDuLatitude":"34.601454","BaiDuLongitude":"119.195753","BaiDuAdress":"江苏省连云港市新浦区瀛洲路10-1号","ReceiveTime":"2017-10-23 12:22:35.143","Altitude":"null"}
{"DeviceID":"4d3a27c13dc21ae056044b818a03dwen002","Mileage":"55379000","DataTime":"2017-10-23 12:22:45.000","Latitude":"34.588418","IsACCOpen":"true","Longitude":"119.189996","Velocity":66,"Direction":"null","Carnum":"陕WL12**","BaiDuLatitude":"34.601067","BaiDuLongitude":"119.19604","BaiDuAdress":"江苏省连云港市新浦区瀛洲路10-3-4号","ReceiveTime":"2017-10-23 12:22:48.973","Altitude":"null"}
{"DeviceID":"4d3a27c13dc21ae056044b818a03dwen002","Mileage":"55379000","DataTime":"2017-10-23 12:22:55.000","Latitude":"34.588466","IsACCOpen":"true","Longitude":"119.189966","Velocity":26,"Direction":"null","Carnum":"陕WL12**","BaiDuLatitude":"34.600711","BaiDuLongitude":"119.196256","BaiDuAdress":"江苏省连云港市新浦区瀛洲路10号-3-11","ReceiveTime":"2017-10-23 12:23:00.663","Altitude":"null"}
{"DeviceID":"4d3a27c13dc21ae056044b818a03dwen002","Mileage":"55379000","DataTime":"2017-10-23 12:23:05.000","Latitude":"34.588468","IsACCOpen":"true","Longitude":"119.189966","Velocity":0,"Direction":"null","Carnum":"陕WL12**","BaiDuLatitude":"34.600176","BaiDuLongitude":"119.196579","BaiDuAdress":"江苏省连云港市新浦区瀛洲路22号","ReceiveTime":"2017-10-23 12:23:04.648","Altitude":"null"}
{"DeviceID":"4d3a27c13dc21ae056044b818a03dwen002","Mileage":"55379000","DataTime":"2017-10-23 12:23:15.000","Latitude":"34.588574","IsACCOpen":"true","Longitude":"119.189836","Velocity":12,"Direction":"null","Carnum":"陕WL12**","BaiDuLatitude":"34.59976","BaiDuLongitude":"119.196939","BaiDuAdress":"江苏省连云港市新浦区瀛洲路26号","ReceiveTime":"2017-10-23 12:23:14.441","Altitude":"null"}
{"DeviceID":"4d3a27c13dc21ae056044b818a03dwen002","Mileage":"55379000","DataTime":"2017-10-23 12:23:25.000","Latitude":"34.589244","IsACCOpen":"true","Longitude":"119.189254","Velocity":70,"Direction":"null","Carnum":"陕WL12**","BaiDuLatitude":"34.599552","BaiDuLongitude":"119.197082","BaiDuAdress":"江苏省连云港市新浦区瀛洲路26号","ReceiveTime":"2017-10-23 12:23:24.456","Altitude":"null"}
{"DeviceID":"4d3a27c13dc21ae056044b818a03dwen002","Mileage":"55379100","DataTime":"2017-10-23 12:23:35.000","Latitude":"34.589901","IsACCOpen":"true","Longitude":"119.188708","Velocity":86,"Direction":"null","Carnum":"陕WL12**","BaiDuLatitude":"34.599284","BaiDuLongitude":"119.197334","BaiDuAdress":"江苏省连云港市新浦区灜州路26号","ReceiveTime":"2017-10-23 12:23:34.584","Altitude":"null"}
{"DeviceID":"4d3a27c13dc21ae056044b818a03dwen002","Mileage":"55379200","DataTime":"2017-10-23 12:23:45.000","Latitude":"34.590371","IsACCOpen":"true","Longitude":"119.188324","Velocity":73,"Direction":"null","Carnum":"陕WL12**","BaiDuLatitude":"34.599522","BaiDuLongitude":"119.198879","BaiDuAdress":"江苏省连云港市新浦区兴隆路32号","ReceiveTime":"2017-10-23 12:23:44.461","Altitude":"null"}
{"DeviceID":"4d3a27c13dc21ae056044b818a03dwen002","Mileage":"55379200","DataTime":"2017-10-23 12:23:55.000","Latitude":"34.590391","IsACCOpen":"true","Longitude":"119.188309","Velocity":26,"Direction":"null","Carnum":"陕WL12**","BaiDuLatitude":"34.5997","BaiDuLongitude":"119.199777","BaiDuAdress":"江苏省连云港市新浦区龙河南路29号-6-6号","ReceiveTime":"2017-10-23 12:23:54.581","Altitude":"null"}
{"DeviceID":"4d3a27c13dc21ae056044b818a03dwen002","Mileage":"55379200","DataTime":"2017-10-23 12:24:05.000","Latitude":"34.590391","IsACCOpen":"true","Longitude":"119.188309","Velocity":0,"Direction":"null","Carnum":"陕WL12**","BaiDuLatitude":"34.599819","BaiDuLongitude":"119.200424","BaiDuAdress":"江苏省连云港市新浦区龙河南路29号-5-12号","ReceiveTime":"2017-10-23 12:24:04.460","Altitude":"null"}
{"DeviceID":"4d3a27c13dc21ae056044b818a03dwen002","Mileage":"55379300","DataTime":"2017-10-23 12:26:05.000","Latitude":"34.591209","IsACCOpen":"true","Longitude":"119.187664","Velocity":61,"Direction":"null","Carnum":"陕WL12**","BaiDuLatitude":"34.599849","BaiDuLongitude":"119.200891","BaiDuAdress":"江苏省连云港市新浦区龙河南路29号-5-2号","ReceiveTime":"2017-10-23 12:26:04.492","Altitude":"null"}
{"DeviceID":"4d3a27c13dc21ae056044b818a03dwen002","Mileage":"55379500","DataTime":"2017-10-23 12:26:15.000","Latitude":"34.591999","IsACCOpen":"true","Longitude":"119.186993","Velocity":97,"Direction":"null","Carnum":"陕WL12**","BaiDuLatitude":"34.599611","BaiDuLongitude":"119.200927","BaiDuAdress":"江苏省连云港市新浦区龙河南路39号","ReceiveTime":"2017-10-23 12:26:14.726","Altitude":"null"}
{"DeviceID":"4d3a27c13dc21ae056044b818a03dwen002","Mileage":"55379500","DataTime":"2017-10-23 12:26:25.000","Latitude":"34.592944","IsACCOpen":"true","Longitude":"119.186216","Velocity":121,"Direction":"null","Carnum":"陕WL12**","BaiDuLatitude":"34.599374","BaiDuLongitude":"119.200945","BaiDuAdress":"江苏省连云港市新浦区龙河南路41号","ReceiveTime":"2017-10-23 12:26:24.630","Altitude":"null"}
{"DeviceID":"4d3a27c13dc21ae056044b818a03dwen002","Mileage":"55379700","DataTime":"2017-10-23 12:26:35.000","Latitude":"34.593918","IsACCOpen":"true","Longitude":"119.185434","Velocity":127,"Direction":"null","Carnum":"陕WL12**","BaiDuLatitude":"34.59918","BaiDuLongitude":"119.201035","BaiDuAdress":"江苏省连云港市新浦区龙河南路41号","ReceiveTime":"2017-10-23 12:26:37.082","Altitude":"null"}
{"DeviceID":"4d3a27c13dc21ae056044b818a03dwen002","Mileage":"55379200","DataTime":"2017-10-23 12:25:55.000","Latitude":"34.590639","IsACCOpen":"true","Longitude":"119.188121","Velocity":23,"Direction":"null","Carnum":"陕WL12**","BaiDuLatitude":"34.599002","BaiDuLongitude":"119.201071","BaiDuAdress":"江苏省连云港市新浦区邮健巷5号","ReceiveTime":"2017-10-23 12:25:54.474","Altitude":"null"}
{"DeviceID":"4d3a27c13dc21ae056044b818a03dwen002","Mileage":"55379300","DataTime":"2017-10-23 12:26:05.000","Latitude":"34.591209","IsACCOpen":"true","Longitude":"119.187664","Velocity":61,"Direction":"null","Carnum":"陕WL12**","BaiDuLatitude":"34.598735","BaiDuLongitude":"119.201143","BaiDuAdress":"江苏省连云港市新浦区邮健巷7号","ReceiveTime":"2017-10-23 12:26:04.492","Altitude":"null"}
{"DeviceID":"4d3a27c13dc21ae056044b818a03dwen002","Mileage":"55379500","DataTime":"2017-10-23 12:26:15.000","Latitude":"34.591999","IsACCOpen":"true","Longitude":"119.186993","Velocity":97,"Direction":"null","Carnum":"陕WL12**","BaiDuLatitude":"34.598467","BaiDuLongitude":"119.201179","BaiDuAdress":"江苏省连云港市新浦区龙河南路47号","ReceiveTime":"2017-10-23 12:26:14.726","Altitude":"null"}
{"DeviceID":"4d3a27c13dc21ae056044b818a03dwen002","Mileage":"55379500","DataTime":"2017-10-23 12:26:25.000","Latitude":"34.592944","IsACCOpen":"true","Longitude":"119.186216","Velocity":121,"Direction":"null","Carnum":"陕WL12**","BaiDuLatitude":"34.598244","BaiDuLongitude":"119.201214","BaiDuAdress":"江苏省连云港市新浦区龙河南路44号","ReceiveTime":"2017-10-23 12:26:24.630","Altitude":"null"}
{"DeviceID":"4d3a27c13dc21ae056044b818a03dwen002","Mileage":"55379700","DataTime":"2017-10-23 12:26:35.000","Latitude":"34.593918","IsACCOpen":"true","Longitude":"119.185434","Velocity":127,"Direction":"null","Carnum":"陕WL12**","BaiDuLatitude":"34.597932","BaiDuLongitude":"119.201286","BaiDuAdress":"江苏省连云港市新浦区龙河南路49号","ReceiveTime":"2017-10-23 12:26:37.082","Altitude":"null"}
{"DeviceID":"4d3a27c13dc21ae056044b818a03dwen002","Mileage":"55379200","DataTime":"2017-10-23 12:25:55.000","Latitude":"34.590639","IsACCOpen":"true","Longitude":"119.188121","Velocity":23,"Direction":"null","Carnum":"陕WL12**","BaiDuLatitude":"34.597724","BaiDuLongitude":"119.20134","BaiDuAdress":"江苏省连云港市新浦区龙河南路51号","ReceiveTime":"2017-10-23 12:25:54.474","Altitude":"null"}
{"DeviceID":"4d3a27c13dc21ae056044b818a03dwen002","Mileage":"55379300","DataTime":"2017-10-23 12:26:05.000","Latitude":"34.591209","IsACCOpen":"true","Longitude":"119.187664","Velocity":61,"Direction":"null","Carnum":"陕WL12**","BaiDuLatitude":"34.597472","BaiDuLongitude":"119.20143","BaiDuAdress":"江苏省连云港市新浦区龙河南路53号","ReceiveTime":"2017-10-23 12:26:04.492","Altitude":"null"}
{"DeviceID":"4d3a27c13dc21ae056044b818a03dwen002","Mileage":"55379500","DataTime":"2017-10-23 12:26:15.000","Latitude":"34.591999","IsACCOpen":"true","Longitude":"119.186993","Velocity":97,"Direction":"null","Carnum":"陕WL12**","BaiDuLatitude":"34.597264","BaiDuLongitude":"119.201484","BaiDuAdress":"江苏省连云港市新浦区龙河南路53号","ReceiveTime":"2017-10-23 12:26:14.726","Altitude":"null"}
{"DeviceID":"4d3a27c13dc21ae056044b818a03dwen002","Mileage":"55379500","DataTime":"2017-10-23 12:26:25.000","Latitude":"34.592944","IsACCOpen":"true","Longitude":"119.186216","Velocity":121,"Direction":"null","Carnum":"陕WL12**","BaiDuLatitude":"34.597056","BaiDuLongitude":"119.201538","BaiDuAdress":"江苏省连云港市新浦区龙河南路55号","ReceiveTime":"2017-10-23 12:26:24.630","Altitude":"null"}
{"DeviceID":"4d3a27c13dc21ae056044b818a03dwen002","Mileage":"55379700","DataTime":"2017-10-23 12:26:35.000","Latitude":"34.593918","IsACCOpen":"true","Longitude":"119.185434","Velocity":127,"Direction":"null","Carnum":"陕WL12**","BaiDuLatitude":"34.596848","BaiDuLongitude":"119.201574","BaiDuAdress":"江苏省连云港市新浦区龙河南路48号","ReceiveTime":"2017-10-23 12:26:37.082","Altitude":"null"}
{"DeviceID":"4d3a27c13dc21ae056044b818a03dwen002","Mileage":"55379200","DataTime":"2017-10-23 12:25:55.000","Latitude":"34.590639","IsACCOpen":"true","Longitude":"119.188121","Velocity":23,"Direction":"null","Carnum":"陕WL12**","BaiDuLatitude":"34.596595","BaiDuLongitude":"119.201628","BaiDuAdress":"江苏省连云港市新浦区龙河南路57号","ReceiveTime":"2017-10-23 12:25:54.474","Altitude":"null"}
{"DeviceID":"4d3a27c13dc21ae056044b818a03dwen002","Mileage":"55379300","DataTime":"2017-10-23 12:26:05.000","Latitude":"34.591209","IsACCOpen":"true","Longitude":"119.187664","Velocity":61,"Direction":"null","Carnum":"陕WL12**","BaiDuLatitude":"34.596417","BaiDuLongitude":"119.201682","BaiDuAdress":"江苏省连云港市新浦区龙河南路52号","ReceiveTime":"2017-10-23 12:26:04.492","Altitude":"null"}
{"DeviceID":"4d3a27c13dc21ae056044b818a03dwen002","Mileage":"55379500","DataTime":"2017-10-23 12:26:15.000","Latitude":"34.591999","IsACCOpen":"true","Longitude":"119.186993","Velocity":97,"Direction":"null","Carnum":"陕WL12**","BaiDuLatitude":"34.596209","BaiDuLongitude":"119.201735","BaiDuAdress":"江苏省连云港市新浦区龙河南路59号","ReceiveTime":"2017-10-23 12:26:14.726","Altitude":"null"}
{"DeviceID":"4d3a27c13dc21ae056044b818a03dwen002","Mileage":"55379500","DataTime":"2017-10-23 12:26:25.000","Latitude":"34.592944","IsACCOpen":"true","Longitude":"119.186216","Velocity":121,"Direction":"null","Carnum":"陕WL12**","BaiDuLatitude":"34.595986","BaiDuLongitude":"119.201789","BaiDuAdress":"江苏省连云港市新浦区龙河南路54号","ReceiveTime":"2017-10-23 12:26:24.630","Altitude":"null"}
{"DeviceID":"4d3a27c13dc21ae056044b818a03dwen002","Mileage":"55379700","DataTime":"2017-10-23 12:26:35.000","Latitude":"34.593918","IsACCOpen":"true","Longitude":"119.185434","Velocity":127,"Direction":"null","Carnum":"陕WL12**","BaiDuLatitude":"34.595852","BaiDuLongitude":"119.201843","BaiDuAdress":"江苏省连云港市新浦区龙河南路61号","ReceiveTime":"2017-10-23 12:26:37.082","Altitude":"null"}
{"DeviceID":"4d3a27c13dc21ae056044b818a03dwen002","Mileage":"55379700","DataTime":"2017-10-23 12:26:35.000","Latitude":"34.593918","IsACCOpen":"true","Longitude":"119.185434","Velocity":127,"Direction":"null","Carnum":"陕WL12**","BaiDuLatitude":"34.595704","BaiDuLongitude":"119.201861","BaiDuAdress":"江苏省连云港市新浦区瀛洲路38号-2-3号","ReceiveTime":"2017-10-23 12:26:37.082","Altitude":"null"}
{"DeviceID":"4d3a27c13dc21ae056044b818a03dwen002","Mileage":"55379200","DataTime":"2017-10-23 12:25:55.000","Latitude":"34.590639","IsACCOpen":"true","Longitude":"119.188121","Velocity":23,"Direction":"null","Carnum":"陕WL12**","BaiDuLatitude":"34.595778","BaiDuLongitude":"119.202634","BaiDuAdress":"江苏省连云港市新浦区朝阳东路8号","ReceiveTime":"2017-10-23 12:25:54.474","Altitude":"null"}
{"DeviceID":"4d3a27c13dc21ae056044b818a03dwen002","Mileage":"55379300","DataTime":"2017-10-23 12:26:05.000","Latitude":"34.591209","IsACCOpen":"true","Longitude":"119.187664","Velocity":61,"Direction":"null","Carnum":"陕WL12**","BaiDuLatitude":"34.595496","BaiDuLongitude":"119.202634","BaiDuAdress":"江苏省连云港市新浦区朝阳东路8号","ReceiveTime":"2017-10-23 12:26:04.492","Altitude":"null"}
{"DeviceID":"4d3a27c13dc21ae056044b818a03dwen002","Mileage":"55379500","DataTime":"2017-10-23 12:26:15.000","Latitude":"34.591999","IsACCOpen":"true","Longitude":"119.186993","Velocity":97,"Direction":"null","Carnum":"陕WL12**","BaiDuLatitude":"34.594991","BaiDuLongitude":"119.202885","BaiDuAdress":"江苏省连云港市新浦区朝阳东路8号","ReceiveTime":"2017-10-23 12:26:14.726","Altitude":"null"}
{"DeviceID":"4d3a27c13dc21ae056044b818a03dwen002","Mileage":"55379500","DataTime":"2017-10-23 12:26:25.000","Latitude":"34.592944","IsACCOpen":"true","Longitude":"119.186216","Velocity":121,"Direction":"null","Carnum":"陕WL12**","BaiDuLatitude":"34.594352","BaiDuLongitude":"119.203227","BaiDuAdress":"江苏省连云港市新浦区瀛洲路辅路","ReceiveTime":"2017-10-23 12:26:24.630","Altitude":"null"}
{"DeviceID":"4d3a27c13dc21ae056044b818a03dwen002","Mileage":"55379700","DataTime":"2017-10-23 12:26:35.000","Latitude":"34.593918","IsACCOpen":"true","Longitude":"119.185434","Velocity":0,"Direction":"null","Carnum":"陕WL12**","BaiDuLatitude":"34.593237","BaiDuLongitude":"119.203784","BaiDuAdress":"江苏省连云港市新浦区瀛洲路辅路","ReceiveTime":"2017-10-23 12:26:37.082","Altitude":"null"}
